url,article_text
https://www.cnbc.com/2026/04/23/risky-meme-trading-is-back-a-trading-rule-change-may-have-lit-the-fuse.html,"Retail traders are diving back into some of the market's most speculative corners, with a regulatory shift removing barriers to rapid-fire trading and helping revive the kind of meme-stock frenzy that has historically delivered sharp gains, and even sharper reversals.
April's rally in risk assets, fueled in part by an Iran ceasefire, has emboldened individual investors to pile back into volatile trades. In one of the more striking examples, retail traders stampeded into Allbirds after the troubled shoemaker slapped an artificial intelligence label on its business.
Shares surged to as high as $24 from roughly $2.50 after the company outlined plans to rebrand as NewBird AI and pivot toward compute infrastructure. Much of that advance has already unraveled, with the stock recently changing hands near $8 — a sharp reversal that underscores the volatility of such trades.
A similarly dramatic move led by smaller traders played out in Avis Budget Group. Shares of the company, ticker ""CAR,"" soared from under $100 last month to a record high near $850 in early trading Wednesday, before staging a sharp intraday U-turn lower, serving as another reminder of how quickly momentum-driven rallies can unwind.
Analysts at JPMorgan said crowding in so-called meme stocks has surged, approaching levels just shy of the extremes seen during the post-Liberation Day risk chase.
The Wall Street firm noted that a key catalyst may be a recent rule change by the U.S. Securities and Exchange Commission. Earlier this month, the regulator approved a proposal by FINRA to eliminate the so-called pattern day trader rule. Under the rule, traders who executed four or more day trades within five business days had to maintain a minimum equity of $25,000 in a margin account.
The new rule does away with the $25,000 requirement, replacing it with a more flexible ""intraday margin"" rule. FINRA called the old rule, hatched in the wake of the Dotcom crash ""outdated.""
""This change opens the door for more investors with smaller accounts to trade more actively, while still keeping protections in place through modern margin and risk controls,"" Adam Cohn, head of trading operations at TradeStation, told CNBC. ""Removing that barrier means more people can participate in short-term trading strategies ... We'll see a more open market with broader participation and more liquidity.""
JPMorgan analysts said the shift could drive a further pick-up in retail volumes in the coming months, reinforcing momentum in already crowded trades."
https://www.cnbc.com/2026/04/23/cramer-says-look-to-these-4-stocks-to-go-with-your-high-flying-tech-names.html,"CNBC's Jim Cramer said Thursday investors should look beyond the market's hottest trades and start hunting for opportunities in areas that have already been beaten down.
""I want to praise the other parts of the market ... that have been marked down already, which makes them less vulnerable,"" the ""Mad Money"" host said.
With the S&P 500 and Nasdaq Composite hitting fresh highs recently, Cramer warned that some parts of the market, particularly technology, may be overheated and susceptible to sharp pullbacks.
Instead, he pointed to what he called the ""cold"" side of the market: healthcare stocks that have been discounted despite solid fundamentals.
Cramer highlighted four healthcare companies he believes are being overlooked and will help add diversification to portfolios.
He likes CVS Health, arguing the company is benefiting from a changing competitive landscape as rivals like Rite Aid disappear and Walgreens scales back. With its insurance arm Aetna and thousands of retail locations, he said CVS is well positioned to pick up market share as competition fades.
Cramer also pointed to Cardinal Health, which he said, ""has been annihilated here without any reason other than, I think, a vicious rotation out of health care."" The company is shifting beyond its traditional role as a drug distributor into higher-growth services, particularly supporting specialty medical practices.
Another name on his list is Johnson & Johnson. Cramer emphasized its strong balance sheet and said it has the ""best pipeline of potential blockbusters of any pharmaceutical company.""
Finally, he called out UnitedHealth Group, which recently delivered a strong earnings beat. Cramer said the return of CEO Stephen Hemsley — who had been chief from 2006 to 2017 — has helped stabilize the business and restore confidence in its ability to generate consistent growth.
Cramer's broader takeaway is that investors need to have ""good balance"" in their portfolios. After such a powerful AI-fueled run in tech, he said, investors may soon need it.
Disclosure: Cramer's Charitable Trust, the portfolio used by the CNBC Investing Club, owns shares of Cardinal Health and Johnson & Johnson.
Sign up now for the CNBC Investing Club to follow Jim Cramer's every move in the market.
Questions for Cramer?
Call Cramer: 1-800-743-CNBC
Want to take a deep dive into Cramer's world? Hit him up!
Mad Money Twitter - Jim Cramer Twitter - Facebook - Instagram
Questions, comments, suggestions for the ""Mad Money"" website? madcap@cnbc.com"
https://www.cnbc.com/2026/04/23/fridays-big-stock-stories-whats-likely-to-move-the-market-in-the-next-trading-session.html,"Stocks @ Night is a daily newsletter delivered after hours, giving you a first look at tomorrow and last look at today. Sign up for free to receive it directly in your inbox. Here's what CNBC TV's producers were watching on Thursday and what's on the radar for Friday's session. Intel ""Morning Call"" and ""Squawk Box"" will pick up where the night teams left off as Intel surged 19% in extended trading after posting earnings . The stock is in the $79 range — $78 dollars! In the fall of 2024 — 18 months ago — it was a pretty staid $20 stock. CNBC's Kristina Partsinevelos will have more on this company's amazing turnaround and report on what's next. INTC YTD mountain Intel shares year to date Oracle We'll also keep an eye on Oracle . The software giant's stock has been on a roller coaster ride. It fell 6% today. It's up after hours. The stock's gained 20% so far in April. It's up 34% in a year. Shares are less than 50% from the September high. The public private equity guys CNBC's Leslie Picker covers the group and followed its fall on Thursday. We'll stick on it Friday. Carlyle Group dropped 4.4% Thursday. The stock is down 30% since the September high. Apollo Global dropped 3.3% today. The stock is down more than 20% from its July high. KKR fell 4% today. The stock is down 34% from its July high. Blue Owl Capital fell 5% today. The stock is 55% from the July high. Ares fell 5.2%. Shares are 41% from the August high. Big reports on 'Squawk Box' Becky Quick, Joe Kernen and Andrew Ross Sorkin will be watching for Procter & Gamble and Norfolk Southern Friday morning. Procter & Gamble is down 3% in the three months since the company last reported. Shares are 15% from last year's 52-week high. Norfolk Southern is up 12% in three months. The stock hit a new high today. PG YTD mountain Procter & Gamble stock year to date. Markets shift and headlines fade, but the core principles of building long-term wealth remain constant. Join us for our third CNBC Pro LIVE, where investors of all backgrounds - from financial professionals to everyday individuals - come together to cut through the noise and gain actionable strategies for smarter, more disciplined investing. No matter where you're starting from, you'll leave with clearer thinking, stronger strategies. Enter your email here to get a discount code."
https://www.cnbc.com/2026/04/24/european-stocks-iran-ceasefire-optimism-fades-.html,"European stock markets traded lower on Friday morning, as uncertainty over U.S.-Iran peace talks weighed on investor sentiment.
The pan-European Stoxx 600 was down 0.5% shortly after 8:35 a.m. in London (3:35 a.m. ET), with most regional sectors and all major bourses in negative territory. Oil and gas led the gains, rising 1.2% in early dealmaking as energy prices ticked higher. Mining stocks saw the largest losses, sliding almost 1.7%.
Shares in SAP surged about 6.4% in morning trade after the German multinational enterprise software giant announced a rise in operating profits of almost 17%, and a 19% jump in cloud revenues, in its latest quarterly earnings.
SAP CEO Christian Klein told CNBC's ""Squawk Box Europe"" on Friday that the company is ""uniquely positioned to win in business AI"" adding that it will ""double down and reinvest"" more money into AI innovation.
Renault shares, meanwhile, were 2.2% lower after the French carmaker said its first-quarter sales were 3.3% lower than the same three-month period last year. Its group revenues rose 7.3% in the period, however, reaching 12.5 billion euros ($14.6 billion).
Investor attention remains focused on developments in the Middle East. On Thursday, U.S. President Donald Trump told reporters, ""don't rush me,"" when questioned on a long-term deal with Iran. He also said he won't put a ""timetable"" on when the war will end.
Overnight, it was reported that U.S. forces had boarded and searched another tanker thought to be carrying Iranian oil through the Indian Ocean.
Oil prices edged higher on Friday morning, with global benchmark Brent crude futures adding 0.5% to reach $105.65 a barrel, while U.S. West Texas Intermediate futures were marginally higher at $96.12, a 0.4% increase.
Back in Europe, investors will be monitoring another flurry of corporate earnings, with Eni, Orange, and Volvo among the firms set to update shareholders on their finances.
U.K. retail sales increased 0.7% in March, according to new Office for National Statistics data, outweighing the 0.1% forecast by economists.
Other economic data releases on Friday include French consumer confidence figures, and a German Ifo Business Climate update."
https://www.cnbc.com/2026/04/23/these-stocks-reporting-next-week-can-beat-expectations-and-rally-bespoke-says.html,"With more companies reporting earnings next week, there are some names that could be in for big gains if history repeats itself. Using data from Bespoke Investment Group, CNBC Pro screened for stocks releasing quarterly financials next week that beat expectations for earnings per share at least 75% of the time. From there, we homed in on stocks that have an average increase of at least 1.5% in the session following their earnings report. Here's the stocks that made the list: Five9 has the highest beat rate of the group at 98%. Shares of Five9, which reports on Thursday, typically move slightly over 3% in a post-earnings earnings session. A post-earnings rally would mark a reprieve, with shares down more than 23% in 2026 amid fears around the impact of artificial intelligence on software. That adds to drops of more than 48% and 50% in 2024 and 2025, respectively. FIVN YTD mountain Five9, year-to-date But Wall Street sees a major rebound ahead: The average analyst polled by LSEG has a buy rating and price target implying more than 77% in upside over the next 12 months. Meta Platforms also made the list, with an 89% beat rate and average post-earnings advance of about 2.1%. The megacap tech firm is slated to report Wednesday. Shares of the Facebook parent are near the flatline in 2026, underperforming the technology-heavy Nasdaq Composite's 5% rise over the same period. However, most analysts surveyed by LSEG have a buy rating with an average price target implying a jump of more than 26%. The stock slid more than 2% after Meta said it would lay off 10% of its workforce . That equates to around 8,000 employees. Beyond technology, Wingstop has a 79% beat rate and post-earnings rally of 3.7%. The restaurant chain also reports Wednesday. Wingstop shares have tumbled more than 22% this year, building on 2025's slide of just over 16%. But most analysts have a buy rating and a price target suggesting the stock can surge approximately 54%."
https://www.cnbc.com/2026/04/23/stocks-making-the-biggest-moves-after-hours-intc-sap-byd-mxl.html,"Check out the companies making headlines after the bell : Intel — Shares soared 15% after the chipmaker posted first-quarter earnings that beat Wall Street's expectations. Intel posted adjusted earnings of 29 cents per share on revenue of $13.58 billion, while analysts polled by LSEG had expected it to earn 1 cent per share on $12.42 billion in revenue. Intel's second-quarter forecast also was well above analysts' expectations. Boyd Gaming — The gambling and hospitality stock slipped 7% after Boyd posted first-quarter adjusted earnings of $1.60 per share, below the $1.73 consensus from LSEG. Revenue of $997.4 million also fell short of the expected $1 billion. Performance was hurt by soft revenue at its Las Vegas business. Newmont — The gold miner's stock wavered around the flatline following the company's warning taht second-quarter results could be hurt by higher oil prices and a full quarter of increased Ghana royalties. The company posted first-quarter adjusted earnings of $2.90 per share, beating estimates that called for $2.18 per share, according to LSEG. Revenue of $7.31 billion also came in above the expected $6.52 billion. SAP — The software stock popped 5% after the company earned $1.72 per share, excluding items, in its latest quarter, beating the expected $1.69, per LSEG. SAP cloud revenue rose 19%. The company's said its 2026 financial outlook is based on the assumption that the Middle East conflict will de-escalate. SLM — Shares added 2% after the student loan provider earned $1.54 per share, up from $1.40 per share a year ago. Sallie Mae also raised its full-year earnings guidance to between $3.10 and $3.20 per share, from a prior forecast of between $2.70 and $2.80 per share, which was above FactSet's $2.78 estimate. Ameriprise Financial — The broker and financial services provider stock was flat after the company posted first-quarter adjusted earnings of $11.26 per share, beating the estimated $10.21, according to FactSet. The company's $4.81 billion revenue also topped the estimated $4.72 billion. Ameriprise also increased its quarterly dividend by 6.3% to $1.70 per share from $1.60. Hartford Insurance Group — Shares slipped 3% after the insurer reported first-quarter adjusted earnings of $3.09 per share. That was below the consensus estimate of $3.39 per share, per FactSet. Hartford's revenue of $7.23 billion also came in below the $7.35 billion estimate. MaxLinear — The chipmaker's stock soared 27% after the company's first-quarter results outpaced expectations and it raised its forecast. MaxLinear earned 22 cents per share, after adjustments, on revenue of $137.2 million. According to FactSet, analysts were expecting the company to earn 18 cents a share on revenue of $134.6 million. Comfort Systems USA — The HVAC systems provider's stock rose 6% after reporting better-than-expected first-quarter results and raising its dividend. The company earned $10.51 per share on $2.87 billion in revenue. According to FactSet, analysts expected it to earn $6.81 per share on revenue of $2.39 billion. Nike — Shares rose about 1% after the athletic apparel company said it would cut 1,400 jobs in its second round of layoffs this year. — CNBC's Christina Cheddar Berk contributed reporting."
https://www.cnbc.com/2026/04/22/investment-strategies-ai-hardware-emerging-markets-uk-stocks.html,"President Donald Trump's indefinite extension to the U.S.-Iran ceasefire dominated market chatter on Wednesday, with asset prices reflecting a mixed picture.
European and Asian stocks were in mixed territory, as futures markets pointed to major U.S. indices opening slightly higher.
Here are four investment strategies we heard out of CNBC's London studios on Wednesday to help navigate the noise.
Real assets
Grace Peters, co-head of global investment strategy at J.P. Morgan Private Bank, is advising clients not to over-index to one-off events and not to underestimate what's going on beneath the surface, as large structural themes play out.
""When you think about enduring themes that probably have an eight-to-10-year runway; security... whether that's energy supply chain [or] physical security and defense, cyber and more modern warfare as well, these are enduring themes that lead you to sectors like industrials, minerals, mining companies and... real assets.
""[Real assets are] a really good complement to portfolios when you think about the overweight to the US, the overweights to technology that exist. Still, AI is a theme that we have very strong conviction in. But we do need diversification in this world of greater geopolitical risk.""
AI hardware
Peters also highlighted the opportunities presented by the AI build-out within infrastructure and energy.
""We think you're in the infrastructure build-out phase at the moment, which means that we prefer semis and hardware over the software stocks…. generally, I think the thesis around software and whether AI is going to eat itself is going to be harder to disprove in the short term.
""So we tend to follow...the physical capex. Infrastructure and energy should not be overlooked.""
Appealing U.K. valuations
The FTSE 100 is up over 5% so far this year, with the U.K. blue chip index's international-focused companies providing some resilience amid the war in Iran.
Sue Noffke, head of U.K. equities at Schroders, argued that London-listed companies are attractively valued relative to global peers.
""Since 2021, the U.K. market has been on a bit of a re-rating. It's been mainly those larger companies, and we've seen banks, then energy, commodities, aerospace and defense have all participated in that. There's been a rolling kind of sectoral re-rate [within] pharmaceuticals, as well, from the middle of last year.""
""The different sectoral makeup, together with low valuations, has really powered some more interest. So yes, valuations are still pretty appealing. They're very appealing further down the size spectrum, and that's because of questions around policy and politics that are weighing.""
Emerging markets play
Latin American stocks outperformed U.S. peers in 2025, and the region's equity indices have continued to power ahead this year, as the U.S.-Iran war has sent a fresh wave of volatility through international markets.
Luis Costa, global head of EM strategy at Citi, argued Latin America is better insulated from higher energy prices, with many countries in the region being a net exporter of oil.
""Generally speaking, not only equities, but ... from the fixed income standpoint, that seems to be ... a quite interesting stance.""
Costa also said the buildout of artificial intelligence will boost several emerging market economies.
""They are important parts of the AI supply chain. So, it's the case of Taiwan, it's the case of Korea, and that's why the price action in the KOSPI is not surprising to us at all. So, I do think that this is also an interesting pocket of wealth there."""
https://apnews.com/article/japan-trade-economy-oil-tariffs-trump-0dce5492a048ce92becbfbcf682067b9,"Japan records 5th straight fiscal year of trade deficits as Trump’s tariffs hit auto exports
Japan records 5th straight fiscal year of trade deficits as Trump’s tariffs hit auto exports
TOKYO (AP) — Japan’s trade deficit was 1.7 trillion yen ($10.7 billion) in the fiscal year that ended in March, the government said Wednesday, the fifth straight fiscal year of deficits.
Exports rose 4% from the previous year, while imports inched up just 0.5%, the Finance Ministry reported.
U.S. President Donald Trump’s higher tariffs on imports from Japan and other countries have proven to be a harsh blow for global automakers and other manufacturers. Japan’s overall exports to the U.S. fell 6.6% in the last fiscal year, with shipments of autos dropping 16%.
However, Japan’s trade surplus rose 26% in March from a year earlier in a sign that the export sector is recovering from last year’s shocks. Exports jumped nearly 11.7% in March and imports rose almost 10.9%.
Japan’s auto giants, like Toyota Motor Corp., have moved much of their production to nations where the vehicles are sold to avoid suffering from such policy shifts. But some automakers still export a large share of their vehicles to the U.S. from Japan.
Japan imports nearly all of its oil and gas and the war with Iran has raised worries over disruptions of oil shipments from the Middle East. Apart from the impact on energy, shortfalls of oil can affect production of naphtha-related products which are key for medical supplies and other plastics.
The Japanese government has tried to assuage the public by noting the country’s 254-days of oil reserves for such emergencies, which were established after the so-called “oil shock” of the 1970s. The government is releasing some reserves to stabilize supplies.
Japan is also working on alternative routes other than through the Strait of Hormuz, the main supply route for much of Asia’s oil and gas. It is effectively closed because of the war.
___
Yuri Kageyama is on Threads: https://www.threads.com/@yurikageyama"
https://apnews.com/article/china-soft-power-rise-c6aede1c6eb66a776a7ae3b5477e2661,"The ‘becoming Chinese’ meme shows China’s soft power moment is here
The ‘becoming Chinese’ meme shows China’s soft power moment is here
BANGKOK (AP) — Have you “become Chinese”?
In recent months, 20-somethings around the world have taken over social media with posts enthusing about how they’re embracing Chinese ways of life. Videos proclaiming users are “Chinamaxxing,” or “in a very Chinese time of their lives” — namely by drinking hot water with boiled goji berries, eating dumplings or wearing slippers in the house, or flying to China and gushing about its modern infrastructure — are racking up millions of views.
Along with its economic and geopolitical rise, China’s government has tried for years to push its soft power on the global stage. But those official efforts never came close to the success the “becoming Chinese” meme is enjoying now.
Even senior Chinese diplomats have noted the trend. Xie Feng, the Chinese ambassador to the U.S., referenced the internet craze recently as he promoted a new visa-free transit policy and urged more Americans to “experience for yourselves a real, dynamic and panoramic China.”
The TikTok trend is the latest example of how Chinese products and consumables are enjoying a cultural cachet they’ve never had before globally. From movies to music, Labubu toys and even ordinary habits like drinking hot water, Chinese things are now seen by many as cool.
“China is gaining real soft power, and you can see it most clearly in how Chinese culture and ‘Chineseness’ are becoming familiar, repeatable, and globally consumable in everyday life,” said Shaoyu Yuan, a professor at the New York University School of Professional Studies’ Center for Global Affairs.
“That legitimacy,” Yuan said, “is earned through taste, utility, and entertainment.”
That soft power rise is enabled by China’s development in many industries: From manufacturing, where it holds a record $1.2 trillion trade surplus with the rest of the world, to social media, where it developed the addictive algorithms that made TikTok, to its own consumer culture, where homegrown names compete head to head with global brands.
Mixed feelings among Chinese Americans
Sherry Zhu, a 23-year-old from New Jersey, posted a couple of videos last year joking about how if you liked noodles and hotpot and wore slippers at home you were Chinese. One of her videos was shared almost a million times in December, and other TikTokers quickly caught on with the “becoming Chinese” meme.
But the trend has also raised thornier questions. For many Chinese people who have long faced discrimination in the West, the internet’s fascination with Chinese culture seems to be the latest form of cultural appropriation.
“Appreciation does not erase the racism that many Chinese people grew up with,” said Elise Zeng, 28, from Brooklyn, New York. A video she posted critiquing the social media phenomenon was liked by more than 36,000 people.
She recalls how during the COVID-19 pandemic she was afraid for her parents stepping out of the house because they heard about people getting attacked just walking down the street. At the time, many Asians reported being assaulted or verbally abused by people who blamed East Asians for the spread of the virus.
“Those experiences don’t just disappear because Chinese culture is suddenly cool and trendy,” she said.
Zhu acknowledged that she, too, has experienced bullying based on her identity, but said she was proud of her Chinese heritage. “I believe that visibility and cultural sharing can reduce misunderstanding over time,” she said.
China’s success in soft power has been building
The meme is riding on a broader embrace of Chinese popular culture that’s been building globally.
The frenzy over Labubus, the fuzzy ugly-cute dolls carried by the likes of Rihanna and other top celebrities, reached a peak last spring and summer, bringing a 300% rise in annual profit for Chinese parent company PopMart.
Several other cultural exports with more distinctly Chinese attributes have also found global success. On TikTok, the Chinese rapper known as Skaii isyourgod or “Lanlao” has gained fans around the world — even though he raps in Cantonese and with a thick regional accent, which many people in China wouldn’t understand either.
But that didn’t matter. Skaii isyourgod’s single “Blueprint Supreme” went viral last summer in China and abroad, amassing billions of views on TikTok globally.
Last year “Ne Zha 2,” the animated blockbuster about a young god from a popular Chinese children’s tale, became the highest grossing animated film of all time even before its release in North America.
Another success, the big budget video game “Black Myth: Wukong,” was similarly based on a story familiar to many Chinese kids about an adventurous monkey hero. The game broke the record for most-played single-player game on Steam when 2.4 million people played it simultaneously after its release.
More recently, Chinese digital maps like Amap have gone viral on social media over standard ones like Apple or Google for their level of detail, such as the ability to inform users if they will be in the shade versus the sun.
Soft power goes beyond official narratives
Xi has long pushed for his government to promote Chinese soft power abroad, calling on officials to “tell China’s story well” since 2013.
They have attempted to do so with ambitious projects like the multibillion-dollar Belt and Road initiative — a plan to build Chinese-funded infrastructure across the world — and investing in hundreds of Confucius Institutes.
But many Confucius Institutes, meant to be Beijing-funded centers teaching Chinese language and culture, have shut down in the West over concerns they were fronts for spying and propaganda, while the Belt and Road Initiative has been criticized as a debt trap by Western countries.
China’s ascending hard power has been well documented. It is the dominant manufacturer in the green energy sector, most visibly with its electric vehicles, but also across solar energy. It has the world’s second-largest military, behind the U.S. It is a manufacturing powerhouse, and its exports have swept the world.
Soft power, in contrast, is harder to quantify — or manufacture. China’s government has been eager to capitalize on the latest social media trend and throw state support behind cultural moments after they’ve broken out.
Global Times, a state-owned tabloid, claimed that the popularity of the “becoming Chinese” meme is linked to the success of “China’s social development.”
But the more officials vocally claim such successes and frame them as part of the “China story,” the more it may be received with skepticism, said Yuan, the professor.
“Cultural influence travels farther when it is chosen rather than announced,” he said."
https://apnews.com/article/shanghai-china-tesla-robots-electric-cars-musk-a05b41ae0d32fa391eaae1512871670a,"Tesla leader believes Shanghai factory operations will play a role in robot mass production
Tesla leader believes Shanghai factory operations will play a role in robot mass production
SHANGHAI (AP) — A Tesla Inc. leader said Tuesday he believes its Shanghai factory operations will help resolve the challenges in achieving mass production of the company’s humanoid robots as the U.S. electric vehicle giant pivots to robotics.
Wang Hao, Tesla’s vice president, said the Shanghai facilities, like other Tesla factories, will contribute after the company enters an era of robots.
Wang, who also serves as president of Tesla China, told reporters on a government-organized tour of one of its Shanghai factories that CEO Elon Musk once noted having production at scale is a critical challenge in manufacturing humanoid robots.
Wang said he believes the Shanghai manufacturing arm “is a golden key to solving this challenge,” but did not specify how the operation will support the company’s robotic business.
Musk has urged investors to focus less on car sales and more on what he considers a bright artificial intelligence future of robotaxis ferrying millions in cars without drivers, or even steering wheels, and robots watering plants and taking care of elderly parents.
Musk earlier underlined that shift by announcing Tesla had decided to end production of two older car models, S and X, in the second quarter and convert a Fremont, California, factory to instead produce its Optimus robots.
London-based technology research and advisory group Omdia said Tesla shipped fewer than 500 general-purpose embodied, intelligent robots in 2025. Still, the company is among the vendors that showcased industry-leading advancements in AI capabilities, its report said.
Tesla entered the mainland Chinese market in 2013 and the factory Wang spoke at delivered the company’s first made-in-China vehicles in late 2019. The factory delivered 851,000 electric vehicles in 2025, accounting for more than half of Tesla’s total global deliveries that year.
A separate factory began production in Shanghai in 2025, marking the firm’s launch of commercial energy storage manufacturing in China.
___
Leung reported from Hong Kong. Video producer Olivia Zhang contributed to this report."
https://www.cnbc.com/2026/04/20/stocks-making-the-biggest-moves-premarket-aal-mrvl-mstr.html,"Check out the companies making the biggest moves premarket: Airlines — The group was under pressure Monday as investors worry that renewed U.S.-Iran tensions will keep energy prices elevated and push consumers to travel less. American Airlines , Delta Air Lines and United Airlines were all down more than 2% before the bell. JetBlue Airways shed 1.2%. Marvell Technology , Broadcom — Shares jumped more than 7% after a report by The Information said the company is in talks with Google to build two new AI chips. Broadcom, which recently agreed to produce future versions of Google's AI chips, fell nearly 1.5% on the report. TopBuild — The installer and distributor of insulation materials jumped more than 17% after QXO announced it would acquire the company for $17 billion. In a release, QXO said said the acquisition will create a higher-margin business and it will be immediately accretive to the company's earnings. AST SpaceMobile — Shares fell 15% after a satellite launched over the weekend was placed into the wrong orbit. The company said in a release it expects the cost of the satellite to be recovered by an insurance policy, and it still plans to conduct orbital launches once every month to two months in 2026. Crypto-related stocks — The group fell after bitcoin prices declined more than 4% over the weekend, though they recovered some losses in Monday trading and were back above $75,000. Online trading platforms Robinhood and Coinbase fell more than 2%. Bitcoin treasury company Strategy declined nearly 2.5%. Energy stocks — A slew of names were lifted by rising oil prices as tensions between the U.S. and Iran heated up once again. APA , Coterra Energy and ConocoPhillips all rose by more than 2%. EOG Resources and Devon Energy were up more than 1.5%. Chevron and Exxon Mobil were in the green by 1%. Cruise lines — Concerns over fuel costs rising again and consumer demand weighed on these stocks on Monday. Carnival , Norwegian Cruise Line and Royal Caribbean Group all fell more than 2.5%. Newmont , Freeport-McMoRan — Prices of both precious and industrial metals fell, as investors saw the dollar strengthen on Monday and worried about economic growth amid higher oil prices again. Gold prices fell nearly 1.5%, sending gold miner Newmont down 2%. Copper prices also fell more than 1.5%, with Freeport-McMoRan declining 2% as well. Compass Pathways — The biotechnology company surged nearly 25% after President Donald Trump signed an executive order that directs his administration to speed up reviews of psychedelic drugs. Compass is conducting studies of psychedelics to create drugs for treatment-resistant depression and PTSD. — CNBC's Fred Imbert contributed reporting."
https://www.cnbc.com/2026/04/20/stocks-making-the-biggest-moves-midday-swk-aal-dow-mrvl.html,"Check out the companies making the biggest moves in midday trading: Stanley Black & Decker — The power toolmaker's shares jumped more than 4% after the company said recent changes to Section 232 tariffs aren't supposed to have a material impact on its full-year forecast . Section 232 tariffs set a general 50% rate on aluminum, steel and certain related products while some specific copper and derivative products are subject to a 25% rate, per the White House . Fermi — Shares of the energy infrastructure developer fell more than 22% following the resignation of CFO Miles Everson , just days after CEO Toby Neugebauer departed . Fermi was co-founded by former Energy Secretary Rick Perry to supply power to AI data center projects. Compass Pathways , AtaiBeckley — Shares of the psychedelic-focused drug developers were among several mostly smaller stocks surging in the wake of President Donald Trump's executive order to accelerate research and access to psychedelic medicines. AtaiBeckley stock jumped more than 25%, while Compass rose nearly 40%. Biogen — The biotech's stock rose nearly 3% after the company agreed to pay TJ Biopharma $850 million for the exclusive rights in China to sell felzartamab, an experimental treatment for immune-related diseases such as IgA nephropathy. The deal gives Biogen worldwide rights to develop and market the drug. Airlines — The group was under pressure Monday as investors worry that renewed U.S.-Iran tensions will keep energy prices elevated and push consumers to travel less. American Airlines ' stock tumbled nearly 5%, while United Airlines ' slipped more than 2%. Shares of JetBlue Airways and Delta Air Lines each shed about 1%. Fertilizer stocks — The persisting snarl in shipping traffic in the Strait of Hormuz drove trading of chemical and fertilizer stocks Monday. Shares of CF Industries rose nearly 2% after falling about 10% Friday. Shares of Dow and LyondellBasell Industries climbed about 4% and 2%, respectively, after falling double digits Friday. Marvell Technology , Broadcom — Marvell shares jumped more than 4% after a report by The Information said the company is in talks with Google to build two new AI chips. Broadcom, which recently agreed to produce future versions of Google's AI chips, saw its shares fall nearly 2% on the report. TopBuild — Shares of the installer and distributor of insulation materials jumped more than 16% after QXO announced it would acquire the company for $17 billion. In a release, QXO said the acquisition will create a higher-margin business and it will immediately add to its earnings. Still, QXO shares tumbled nearly 8% on the news of the deal. AST SpaceMobile — Shares fell 8% after a satellite launched over the weekend was placed into the wrong orbit. The company said in a release it expects the cost of the satellite to be recovered by an insurance policy, and it still plans to conduct orbital launches once every month to two months in 2026. Cruise lines — Concerns over fuel costs rising again and consumer demand weighed on these stocks on Monday. Carnival shares fell 1%, Norwegian Cruise Line shares tumbled nearly 5%, and Royal Caribbean Group shares slipped nearly 3%. — CNBC's Fred Imbert and Nick Wells contributed reporting."
https://www.cnbc.com/2026/04/23/risky-meme-trading-is-back-a-trading-rule-change-may-have-lit-the-fuse.html,"Retail traders are diving back into some of the market's most speculative corners, with a regulatory shift removing barriers to rapid-fire trading and helping revive the kind of meme-stock frenzy that has historically delivered sharp gains, and even sharper reversals.
April's rally in risk assets, fueled in part by an Iran ceasefire, has emboldened individual investors to pile back into volatile trades. In one of the more striking examples, retail traders stampeded into Allbirds after the troubled shoemaker slapped an artificial intelligence label on its business.
Shares surged to as high as $24 from roughly $2.50 after the company outlined plans to rebrand as NewBird AI and pivot toward compute infrastructure. Much of that advance has already unraveled, with the stock recently changing hands near $8 — a sharp reversal that underscores the volatility of such trades.
A similarly dramatic move led by smaller traders played out in Avis Budget Group. Shares of the company, ticker ""CAR,"" soared from under $100 last month to a record high near $850 in early trading Wednesday, before staging a sharp intraday U-turn lower, serving as another reminder of how quickly momentum-driven rallies can unwind.
Analysts at JPMorgan said crowding in so-called meme stocks has surged, approaching levels just shy of the extremes seen during the post-Liberation Day risk chase.
The Wall Street firm noted that a key catalyst may be a recent rule change by the U.S. Securities and Exchange Commission. Earlier this month, the regulator approved a proposal by FINRA to eliminate the so-called pattern day trader rule. Under the rule, traders who executed four or more day trades within five business days had to maintain a minimum equity of $25,000 in a margin account.
The new rule does away with the $25,000 requirement, replacing it with a more flexible ""intraday margin"" rule. FINRA called the old rule, hatched in the wake of the Dotcom crash ""outdated.""
""This change opens the door for more investors with smaller accounts to trade more actively, while still keeping protections in place through modern margin and risk controls,"" Adam Cohn, head of trading operations at TradeStation, told CNBC. ""Removing that barrier means more people can participate in short-term trading strategies ... We'll see a more open market with broader participation and more liquidity.""
JPMorgan analysts said the shift could drive a further pick-up in retail volumes in the coming months, reinforcing momentum in already crowded trades."
https://www.cnbc.com/2026/04/20/stocks-making-the-biggest-moves-after-hours-amzn-aapl-stld.html,"Check out the companies making headlines after the bell : Zions — Shares slipped almost 3% after the regional bank reported net interest income in its first quarter of $662 million, coming in below the $674.5 million analysts polled by StreetAccount had anticipated. However, Zions' earnings of $1.56 per share beat the consensus forecast of $1.42 per share, according to LSEG. Steel Dynamics — The steel producer added less than 1% after posting mixed first-quarter results. Revenue of $5.20 billion outpaced the $5.10 billion analysts surveyed by LSEG were expecting. However, Steel Dynamics reported earnings of $2.78 per share, a penny below the expected $2.79 per share. Shares had gained 4.5% earlier in the day. Amazon — The e-commerce giant popped 3% after the company agreed to invest up to $25 billion in Anthropic as part of an expanded agreement to build out AI infrastructure. This comes on top of the $8 billion Amazon has already invested in the artificial intelligence startup in recent years. In turn, Anthropic said in the Monday announcement that it's committed to spending more than $100 billion on Amazon Web Services technologies over the next 10 years. Apple — The tech stock fell less than 1% in extended trading after announcing that Tim Cook will step down as CEO on Sept. 1. Cook will assume the role of executive chairman and will be replaced by John Ternus, an insider who served as senior vice president of hardware engineering. Alaska Air Group — The airline's stock fell more than 1% after it pulled its 2026 forecast due to the uncertainty around fuel costs. In the first quarter, Alaska Air lost $1.68 per share, after adjustments, on revenue of $3.3 billion. Both numbers fell short of estimates. According to LSEG, analysts anticipated the airline would lose $1.35 per share on revenue of $3.31 billion. — CNBC's Christina Cheddar Berk contributed reporting. Correction: An earlier version of this story misstated which company had made a previous $8 billion investment in Anthropic. It was Amazon."
https://www.cnbc.com/2026/04/16/stocks-making-the-biggest-moves-premarket-.html,"Check out the companies making the biggest moves in premarket trading: PepsiCo — The snack and beverage giant posted first-quarter results that beat analyst expectations, sending the stock 1% higher. PepsiCo earned an adjusted $1.61 per share on revenue of $19.44 billion. Analysts polled by LSEG expected a profit of $1.55 per share on revenue of $18.94 billion. Taiwan Semiconductor Manufacturing — The chipmaker slipped 1.7% despite posting an earnings and revenue beat for its first quarter. PPG Industries — The paint and coating manufacturing company advanced 6% after announcing a global price increase of up to 20% across its portfolio. The company said that the price hike was already in progress. PPG cited volatility in the petrochemical, energy and transportation markets driving up costs in raw materials and packaging across its value chain as a catalyst for these price increases. Voyager Technologies — The space tech firm jumped 7% after NASA selected it for its seventh private astronaut mission to the International Space Station. The mission is expected to launch no earlier than 2028. SL Green Realty — Shares slipped 2% after the real estate investment trust reported first-quarter funds from operations of 84 cents per share, compared to $1.40 per share this time last year . Its net rental revenue of roughly $166 million exceeded the $144.5 million the firm reported in the first quarter of 2025, however. Travelers Companies — Shares fell 1.5% despite the company delivering an earnings and revenue beat in its first quarter report. The insurance company reported earnings of $7.71 per share and $11.92 billion in revenue, better than estimates of $7.07 in earnings per share and revenue of $10.72 billion, according to analysts polled by FactSet. J.B. Hunt Transport Services — The transportation stock rose 1% after the company reported first-quarter earnings of $1.49 per share, beating the $1.44 per share FactSet consensus estimate. J.B. Hunt's operating revenue of $3.06 billion also exceeded the expected $2.96 billion. Charles Schwab — The broker and financial services provider's first-quarter revenue of $6.48 billion fell short of the LSEG consensus estimate of %6.5 billion, sending shares 1% lower. Schwab's adjusted earnings, however, topped expectations. Flutter Entertainment — The parent of online gambling platform FanDuel dropped roughly 3% after being downgraded at Citi to sell from buy. The firm said it has less conviction in Flutter's growth prospects in the U.S. U.S. Bancorp — The regional bank lost 1%. U.S. Bancorp reported first-quarter earnings that beat analyst estimates but its net interest income and net interest margin fell short. The company's net interest income came in at $4.26 billion, versus the $4.27 billion expected from analysts polled by FactSet. — CNBC""s Lisa Kailai Han, Davis Giangiulio and Fred Imbert contributed reporting."
https://www.cnbc.com/2026/04/22/stocks-making-the-biggest-moves-after-hours-tsla-ibm-now-luv.html,"Check out the companies making headlines after the bell : International Business Machines — The technology giant slipped 6% after IBM failed to raise its full-year guidance after posting an earnings beat. IBM reported first-quarter earnings of $1.91 per share, excluding items, beating forecasts of $1.81, according to LSEG. The company's $15.92 billion in revenue also came in above the expected $15.62 billion. Tesla — Shares fell more than 2% after CEO Elon Musk warned of substantial increases in capital spending to fund its self-driving and humanoid robot ambitions. Shares had climbed as much as 4% just after the electric vehicle maker posted first-quarter adjusted earnings of 41 cents per share, beating the 37 cents analysts polled by LSEG had expected. However, Tesla's $22.39 billion in revenue came in below the $22.64 billion consensus estimate. CSX — The transportation stock popped 6% after posting first-quarter earnings of 43 cents per share, beating the expected 39 cents analysts surveyed by FactSet had penciled in. However, CSX's $3.48 billion revenue came in slightly below the forecast $3.49 billion. Texas Instruments — The semiconductor stock soared 10% after it forecast that its current-quarter earnings would come in the range of $1.77 to $2.05 per share, versus the $1.57 consensus, according to LSEG. Similarly, it sees its revenue coming in between $5 billion to $5.4 billion, while analysts were anticipating $4.86 billion. Texas Instruments also posted a beat on both the top and bottom lines for its first quarter. Southwest Airlines — Shares fell 3% after the airline carrier posted first-quarter adjusted earnings of 45 cents per share and revenue of $7.20 billion, falling short of the 47 cents and $7.27 billion in revenue analysts were expecting, per FactSet. Lam Research — The global chip toolmaker added 2% after posting fiscal third-quarter adjusted earnings of $1.47 per share and revenue of $5.84 billion, beating the $1.36 and $5.78 billion analysts had forecast, respectively, according to LSEG. Lam Research's earnings and revenue guidance for its current quarter were also above analyst estimates. ServiceNow — The AI-powered software company reported first-quarter earnings and revenue that topped Wall Street expectations. However, shares tumbled more than 13% as the integration of recently acquired Armis weighed on its outlook. For the full year 2026, the company's subscription revenue should grow more than 22% to a range of $15.74 billion to $15.78 billion, including the Armis cybersecurity business. Previously, the company expected subscription revenue of $15.55 billion. Molina Healthcare — Shares of the managed healthcare company rose slightly after it reaffirmed its 2026 forecast. Molina earned $2.35 per share, excluding items, in the first quarter on revenue of $10.8 billion. Analysts surveyed by FactSet anticipated Molina would earn $1.90 per share on revenue of $10.87 billion. United Rentals — Shares jumped more than 15% after the equipment rental company boosted its full-year sales forecast to a range of $16.9 billion to $17.4 billion. The company said it sees momentum heading into its busiest season. Churchill Downs — The racetrack owner added 2% after posting first-quarter adjusted earnings of $1.21 per share and revenue of $663 million. Analysts polled by FactSet had expected $1.01 and $661.2 million. Knight-Swift Transportation — The transport stock shed nearly 3% after reporting first-quarter revenue of $1.85 billion, coming in below the $1.86 billion analysts were expecting, per FactSet. Operating income for the firm's last quarter came in at $49.8 million, while consensus estimates had called for $87 million. — CNBC's Christina Cheddar Berk contributed reporting."
https://www.cnbc.com/2026/04/21/stocks-making-the-biggest-moves-after-hours-adbe-ual-cof.html,"Check out the companies making headlines after the bell : United Airlines — Shares rose about 1% even after the airline posted disappointing guidance for its current quarter and full year as rising fuel prices pressure its outlook. United expects 2026 adjusted earnings of between $7 and $11 per share, down from prior guidance of between $12 and $14 per share. The company also expects adjusted earnings for its current quarter to come in the range of $1 to $2 per share, lower than FactSet's $2.08 estimate. However, the company's first-quarter earnings and revenue both beat expectations. Capital One Financial Group — The stock shed almost 4% after the bank posted first-quarter earnings of $4.42 per share, excluding items, and revenue of $15.23 billion. This came below the estimated profit of $4.55 per share and revenue of $15.36 billion that analysts polled by LSEG were anticipating. Interactive Brokers Group — Shares slipped nearly 2% after the brokerage company's first-quarter revenue came in at $1.68 billion, falling short of the $1.71 billion analysts surveyed by LSEG had penciled in. The company's adjusted earnings of 60 cents per share were in line with expectations. Chubb — The insurance stock lost 1% despite Chubb posting first-quarter core operating earnings of $6.82 per share, beating the expected $6.60, according to FactSet. Net premiums written for the quarter came out to $14.01 billion, above the forecast $13.56 billion. W. R. Berkley — Shares popped 2% after the insurance company reported first-quarter operating earnings of $1.30 per share, higher than the $1.13 consensus, according to FactSet. However, gross and net premiums came under expectations. Adobe — Shares rose more than 2% after the tech company's board approved a $25 billion stock repurchase program through April 2030. The buyback plan comes as Adobe's stock is down more than 29% year to date. — CNBC's Christina Cheddar Berk contributed reporting."
https://www.cnbc.com/2026/04/19/software-tech-stocks-market-rally-microsoft.html,"Cybersecurity and enterprise software stocks have been market dogs in 2026, with fears that AI will wipe out a wide range of companies in the enterprise space dominating the narrative. But they snapped a brutal losing streak this past week, joining in the broader market rally that saw all losses from the U.S.-Iran war regained by the Dow Jones Industrial Average and S&P 500.
Cybersecurity has been ""a victim of some of the AI-related headlines,"" Christian Magoon, Amplify ETFs CEO, said on this week's ""ETF Edge.""
It wasn't just niche cybersecurity names. Take Microsoft, for example, which was recently down close to 20% for the year. Its shares surged last week by 13%.
A big driver of the pummeling in software stocks was a rotation within tech by investors to AI infrastructure and semiconductors and some other names in large-cap tech, Magoon said, and since cybersecurity stocks and ETFs are heavily weighted towards software companies, they were left behind even as those businesses continue to grow on a fundamental basis.
But Wall Street now has become more bullish with the stocks at lower levels. Brent Thill, Jefferies tech analyst, said last week that the worst may be over for software stocks. ""I think that this concept that software is dead, and then Anthropic and OpenAI are going to kill the entire industry, is just over-exaggerated,"" he said on CNBC's ""Money Movers"" on Wednesday.
""Big Short"" investor Michael Burry wrote in a Substack post on Wednesday that he is becoming bullish about software stocks after the recent selloff. ""Software stocks remain interesting because of accelerated extreme declines last week arising from a reflexive positive feedback loop between falling software stocks and changes in the market for their bank debt,"" he wrote.
The Global X Cybersecurity ETF (BUG), is down about 12% since the beginning of the year, with top holdings including Palo Alto Networks, Fortinet, Akamai Technologies and CrowdStrike. But BUG was up 12% last week. The First Trust NASDAQ Cybersecurity ETF (CIBR) is down 6% for the year, but up 9% in the past week.
Piper Sandler analyst Rob Owens reiterated an ""overweight"" rating on Palo Alto Networks which helped the stock pop 7% — it is now down roughly 6% on the year. Its peers saw similar moves, including CrowdStrike.
Magoon said expectations may have become too high in cybersecurity, and with a crowding effect among investors, solid results were not enough to to push stocks higher. But the down-and-then-back-up 2026 for the sector is also a reminder that when stocks fall sharply in a short period of time, opportunity may knock.
""Once you're down over 10% in some of these subsectors, you start to see the contrarians start to say, 'well, maybe I'll take a look at this,'"" Magoon said.
He said AI does add both opportunity and uncertainty to the cybersecurity equation, increasing demand but also introducing new competition. But he added, ""I think the dip is good to buy in an AI-driven world,"" specifically because the risks to companies may lead to more M&A in cyber names that benefits the stocks.
For now, investors may look for opportunity on the margins rather than rush back into beaten-up tech names. ""I think investors are still going to remain underweight software,"" Thill said.
But Magoon advises investors to at least take the reminder to keep an eye on niches in the market during pronounced downturns. ""The best-performing are often the least bought and do the best over the next 12 months versus late-in-the-game piling on,"" he said.
While that may have been a mindset that worked against the last investors into cybersecurity and enterprise software in mid-2025 when the negative sentiment started building, at least for now, it's started working for the stocks in the sector again.
Meanwhile, this year's biggest winner is also a good example of what can be an extended trade in either a bullish or bearish direction. Last year, institutional ownership of energy was at multi-year lows, Magoon said, referencing Bank of America data. ""Reverse sentiment can be a great indicator,"" he said.
But he cautioned that any selective buying of stocks that have dipped does have to contend with the risk that there is a potentially bigger drawdown in the market yet to come in 2026. That is because midterm election years historically have been marked by large drawdowns. ""If you think it is bad right now, it could get a lot worse,"" Magoon said. But he added that there's a silver-lining in that data, too, for the patient investor. The market has posted very strong 12-month returns after midterm election drawdowns end. So, for investors with a longer-term time horizon and no need for short-term liquidity, Magoon said, ""stick in there.""
Sign up for our weekly newsletter that goes beyond the livestream, offering a closer look at the trends and figures shaping the ETF market."
https://www.cnbc.com/2026/04/17/stocks-making-the-biggest-moves-premarket-nflx-orcl-afrm-and-more.html,"Check out the companies making the biggest moves premarket: Netflix — The streaming platform fell 10% as investors viewed the streaming giant's forecast as disappointing. For its second quarter, Netflix expects to earn 78 cents per share, missing the 84 cents per share forecast from analysts polled by LSEG. The stock was also weighed down by co-founder and Netflix chairman Reed Hastings announcing he plans to leave the board in June when his term expires. Alcoa — Shares fell 2% after the aluminum producer posted an earnings miss for its last quarter. Adjusted earnings came in at $1.40 per share, while analysts polled by LSEG were looking for $1.49 per share. The company's $3.19 billion revenue also missed estimates of $3.28 billion. Affirm — The buy-now-pay-later payment company jumped more than 3% after Morgan Stanley named the stock a top pick. Affirm has the potential for earnings upside, Morgan Stanley said, and easing private credit fears will help aid its share price, which has slumped 19% in 2026. Knight-Swift Transportation Holdings — Shares fell 1% after the company on Thursday revised its first-quarter guidance downward. While Knight-Swift management said winter weather weighed on demand, it added that rising fuel costs in March likely would put further pressure on the negative trend in supply for the trucking industry. Oracle — The stock added another 2% in premarket trading, on pace for a sixth positive session in a row. Oracle is up more than 30% on the week, which would be the stock's best week since 1999. Albemarle — Shares fell more than 2.5% after a downgrade from Baird to neutral from outperform. The downgrade comes on the heels of the chemical company surging 16% on Thursday. Software stocks — A slew of names were again higher on Friday, as software names end what was a big rebound week. Salesforce , Adobe and ServiceNow were up about 2%, while DataDog rose 1.5%. For the week, iShares Expanded Tech-Software Sector ETF is up more than 14%. Ally Financial — The bank jumped 2.5% after it reported an earnings beat but missed on revenue. Ally delivered earnings of $1.11 per share in the first quarter, better than estimates of $0.93, according to analysts polled by FactSet. Revenue came in at $2.10 billion, missing slightly estimates of $2.14 billion. — CNBC's Lisa Kailai Han and Nick Wells contributed reporting"
https://www.cnbc.com/2026/04/20/howard-marks-says-there-are-very-few-cheap-stocks-bargains-come-when-people-panic.html,"Howard Marks warned that investors hunting for bargains may be disappointed, saying markets are still far from distressed levels despite bouts of volatility. The co-founder and co-chairman of Oaktree Capital Management, who famously foresaw the dot-com bubble, said the current environment reflects an ongoing ""tug of war"" between bullish and bearish forces, with optimism largely dominating since late 2022. That dynamic has left asset prices elevated and opportunities scarce. ""For the most part, this is not a market that's on sale,"" Marks said Monday on CNBC's "" Squawk Box ."" ""There are very few bargains. Bargains come when people panic, want to get out, and are willing to take an inadequate price. That doesn't describe today."" .SPX YTD mountain S & P 500 year to date His remarks come as risk appetite has remained resilient in the face of geopolitical shocks. Last week, U.S. stocks surged after Iran declared the Strait of Hormuz ""completely open"" following a ceasefire announcement between Israel and Lebanon. The S & P 500 crossed the 7,100 threshold for the first time, while the Nasdaq Composite notched its 13th straight advance and longest winning streak since 1992. Tensions between the U.S. and Iran escalated over the weekend, but traders appear to be betting the two countries will ultimately reach a compromise, reinforcing the market's upward momentum. Marks added that the balance of power has tilted decisively toward bulls over the past several years. ""The optimist has basically been winning for the last 43 months,"" Marks said. Around October 2022, pessimists began turning more constructive, and ""they've basically won since then."""
https://www.cnbc.com/2026/04/16/burry-buys-the-dip-in-salesforce-and-other-software-stocks-after-sell-off.html,"Famed investor Michael Burry is wading back into beaten-down software stocks, betting the recent sell-off was driven more by technical factors than deteriorating business fundamentals. The ""Big Short"" investor said in a Wednesday Substack post that a ""reflexive positive feedback loop"" between falling equity prices and stress in bank debt tied to software companies helped accelerate their declines, creating what he sees now as a buying opportunity. ""I do not believe the technical pressures brought on by the private credit/software debt issues are big enough to affect these stocks for much longer,"" he wrote. The move back into the stocks comes as fears mount that artificial intelligence could upend large portions of the software industry, challenging business models and long-held growth assumptions. The iShares Expanded Tech-Software Sector ETF , for example, has slumped about 28% from its September peak, pushing the group into a bear market and highlighting how quickly sentiment has soured on what had been one of Wall Street's favorite sectors. IGV 1Y mountain iShares Expanded Tech-Software Sector ETF one year Burry disclosed he opened a roughly 3.5% position in PayPal, while maintaining holdings in Fiserv , Adobe , Autodesk and Veeva Systems . He said he planned to add positions in Salesforce and MSCI early Thursday. None of these companies rely on private credit markets, Burry said. Retail investors have been pulling money from a group of private credit funds for the past couple months, and many of the loans were tied to software companies. ""I do see several handfuls of companies seriously affected by advanced [large language models] for specific reasons of the business models,"" Burry said. ""I do not see this for my selected companies and a good number of others, all of which I have just about finished analyzing forensically, competitively, and fundamentally as to investment potential."""
https://www.cnbc.com/2026/04/17/stocks-making-the-biggest-moves-midday-rcl-xom-crml-nflx.html,"Check out the companies making the biggest moves midday: Energy stocks — Shares fell sharply as oil prices sunk more than 12% after Iran opened the Strait of Hormuz for the duration of the ceasefire between Israel and Lebanon. APA Corp. shares declined by more than 9%, while Valero Energy 's stock fell more than 8.5%. Occidental Petroleum shares fell more than 7%, while Exxon Mobil was down 5%. Chevron shares declined over 4%. Travel stocks — The group rallied after Iran declared the Strait of Hormuz open to commercial shipping. Royal Caribbean shares popped 9.7%. United Airlines stock also jumped more than 9%. Expedia gained 5%. Critical Metals — Shares jumped more than 40% after Greenland's government approved the transfer of a 50.5% interest in Tanbreez Mining to Critical Metals. This brings the company's stake in the rare-earth mine to 92.5%. Strategy — The bitcoin treasury company's shares gained about 13%. Bitcoin jumped 3% on the day to surpass $77,000, bringing the value of Strategy's bitcoin holdings back into positive territory and making them profitable. In early February, the flagship cryptocurrency tumbled below Strategy's average purchase price of $76,052. Autoliv — Shares of the maker of airbags, seat belts and steering wheels jumped 10% after first-quarter earnings per share excluding one-time items of $2.05 topped the Wall Street consensus of $1.83, according to FactSet data. Revenue of $2.75 billion beat analysts' highest estimate. Chemical stocks — Shares of chemical producers with ties to the agriculture market plummeted after Iran reopened the Strait of Hormuz. The waterway is key to the transport of fertilizer components. Intrepid Potash and CF Industries tumbled 10%, while Dow lost 11%. Onto Innovation — Shares of the maker of semiconductor process control equipment leapt more than 8% after preliminary first-quarter revenue handily beat Street estimates, and Stifel Financial upgraded Onto to buy from hold and raised its 12-month price target to $350. Badger Meter — Shares of the maker of water measurement and control machinery tumbled 18%. First-quarter earnings per share, revenue and operating income all fell short of Wall Street analysts' consensus estimates. Netflix — Shares fell 9% as investors viewed the streaming giant's forecast as disappointing. For its second quarter, Netflix expects to earn 78 cents per share, missing the 84 cents per share forecast from analysts polled by LSEG. The stock was also weighed down by co-founder and Netflix chairman Reed Hastings announcing he plans to leave the board in June when his term expires. Alcoa — Shares fell 7% after the aluminum producer posted an earnings miss for its last quarter. Adjusted earnings came in at $1.40 per share, while analysts polled by LSEG were looking for $1.49 per share. The company's $3.19 billion revenue also missed estimates of $3.28 billion. Affirm — The buy now, pay later payment company's shares jumped more than 8% after Morgan Stanley named the stock a top pick. Affirm has the potential for earnings upside, Morgan Stanley said, and easing private credit fears will help aid its share price, which has slumped 19% in 2026. Albemarle — Shares fell more than 8% after a downgrade from Baird to neutral from outperform. The downgrade comes on the heels of the chemical company surging 16% on Thursday. Ally Financial — Shares jumped 9% after the bank reported an earnings beat but missed on revenue. Ally delivered earnings of $1.11 per share in the first quarter, better than estimates of $0.93, according to analysts polled by FactSet. Revenue came in at $2.10 billion, missing slightly estimates of $2.14 billion. — CNBC's Darla Mercado, Davis Giangiulio, Scott Schnipper, Lisa Kailai Han and Nick Wells contributed reporting"
https://www.cnbc.com/2026/04/21/stocks-making-the-biggest-moves-premarket-amzn-aapl-ge-unh.html,"Check out the companies making headlines before the bell: UnitedHealth — Shares popped more than 6% after UnitedHealth reported first-quarter earnings and revenue that beat analyst expectations. The company earned $7.23 per share, adjusted, on revenue of $111.72 billion. Analysts expected a profit of $6.57 per share on revenue of $109.57 billion. UnitedHealth also hiked its full-year earnings outlook. 3M — Shares fell slightly after the manufacturing giant posted lackluster guidance and mixed Q1 results. The company sees earnings per share between $8.50 and $8.70. Analysts polled by FactSet expected guidance around $6.50 per share. Amazon — The online retailer popped 3% after Amazon agreed to invest up to $25 billion in Anthropic as part of an expanded agreement to build out AI infrastructure. This comes on top of the $8 billion Amazon has already invested in the artificial intelligence startup in recent years. In turn, Anthropic said in the Monday announcement that it's committed to spending more than $100 billion on Amazon Web Services technologies over the next 10 years. Apple — The tech stock fell less than 1% in extended trading after Apple announced that Tim Cook will step down as CEO on Sept. 1. Cook will assume the role of executive chairman and will be replaced by John Ternus, an insider who served as senior vice president of hardware engineering. Alaska Air Group — The airline fell more than 1% after it pulled its 2026 forecast due to the uncertainty around fuel costs. In the first quarter, Alaska Air lost $1.68 per share, after adjustments, on revenue of $3.3 billion. Both numbers fell short of estimates. According to LSEG, analysts anticipated the airline would lose $1.35 per share on revenue of $3.31 billion. GE Aerospace — Shares jumped nearly 3% after GE Aerospace reported first quarter earnings of $1.86 per share, on an adjusted basis, on revenues of $11.61 billion. Analysts polled by LSEG had expected per-share earnings of $1.60 on revenues of $10.72 billion. RTX — Shares jumped more than 2% after the company reported an earnings and revenue beat for the first quarter. RTX delivered earnings of $1.78 per share and revenue of $22.08 billion, better than FactSet estimates of $1.51 in earnings per share and $21.46 billion in revenue. And after a strong quarter for its defense business, it hiked its full-year earnings and sales outlook for 2026. Zions Bancorp — Shares dipped slightly after the regional bank posted net interest income in its first quarter of $662 million, below the $674.5 million expected by analysts polled by StreetAccount. However, earnings of $1.56 per share beat the consensus forecast of $1.42 per share, according to LSEG. Steel Dynamics — The steel producer added less than 1% after posting mixed first-quarter results. Revenue of $5.20 billion outpaced the $5.10 billion analysts surveyed by LSEG were expecting. But earnings of $2.78 per share came in slightly below the expected $2.79 per share. D.R. Horton — Shares rose 2.5% after the homebuilder reported fiscal second-quarter earnings of $2.24 per share, beating the $2.15 earnings per share expected by analysts polled by LSEG. However, quarterly revenue of $7.56 billion came in below the forecasted $7.60 billion. Tractor Supply — The rural lifestyle retailer slid 5.4% after Tractor Supply posted earnings and revenue that disappointed expectations. First quarter earnings of 31 cents per share came in below the 34 cents expected by analysts polled by FactSet. Revenue of $3.59 billion missed the $3.63 billion consensus estimate, from FactSet. Danaher — Shares gained 1.7% after the life sciences and diagnostics company posted earnings of $2.06 per share, excluding items, on revenue of $6 billion. That topped expectations of earnings of $1.94 per share on revenue of $5.98 billion, according to analysts polled by FactSet. Quest Diagnostics — Shares of the laboratory testing services company popped 2.9% following its latest results. Quest Diagnostics posted first-quarter earnings of $2.50 per share, on an adjusted basis, exceeding the earnings of $2.37 per share expected by analysts polled by FactSet. Revenue of $2.90 billion also beat the $2.83 billion consensus estimate. — CNBC's Davis Giangiulio, Lisa Kailai Han and Fred Imbert contributed reporting Correction: UnitedHealth posted revenue of $111.72 billion. A previous version misstated the figure."
https://www.cnbc.com/2026/04/23/stocks-making-the-biggest-moves-midday-txn-uri-wex-penn.html,"Check out the companies making the biggest moves midday: Texas Instruments — The semiconductor stock soared 19% after the company forecast that its current-quarter earnings would come in the range of $1.77 to $2.05 per share, versus the $1.57 consensus, according to LSEG. Similarly, it sees its revenue coming in between $5 billion to $5.4 billion, while analysts were anticipating $4.86 billion. Texas Instruments also posted a beat on both the top and bottom lines for its first quarter. American Airlines — Shares of the airline rose more than 4% after first-quarter figures came in above expectations. American did cut its full-year earnings outlook, citing higher fuel costs . Penn Entertainment — The gaming stock rallied 15% after the company's first-quarter results beat expectations, fueled by strength from the company's regional casinos and interactive segments. Wex — Shares tumbled 17% after the company, which processes payments for commercial and government vehicle fleets, urged shareholders to vote only for Wex nominees to its board. Investor Lauren Taylor Wolfe's Impactive Capital is looking to replace one-third of Wex board members. United Rentals — Shares jumped more than 23% after the equipment rental company boosted its full-year sales forecast to a range of $16.9 billion to $17.4 billion. The company said it sees momentum heading into its busiest season. Honeywell — The industrial giant's stock dropped 2.6% after the company reported mixed first-quarter results and issued lackluster second-quarter guidance. In Q1, adjusted earnings of $2.45 per share beat an LSEG estimate of $2.32 per share, though revenue of $9.1 billion was below consensus. For Q2, the company sees EPS between $2.35 and $2.45, below a FactSet forecast of $2.56. Lululemon — Shares of the athleisure company fell more than 11% after it announced Heidi O'Neill as the new CEO. O'Neill will take over on Sept. 8. She previously has worked at Nike, Levi Strauss, Hyatt Hotels and Spotify. Nokia — Shares popped 11% after the company posted a slight beat on earnings and missed on revenue in its first-quarter report. Its operating profit came in above expectations, and the telecommunications company added its tracking toward the higher end of its full-year guidance forecast. Mobileye Global — Shares of the autonomous driving tech company climbed 5% after it reported better-than-expected Q1 results. Mobileye earned an adjusted 12 cents per share on revenue of $558 million. Analysts polled by FactSet expected a profit of 8 cents per share on revenue of $519.9 million. Full-year revenue guidance was also better than expected. Avis Car Budget — The car rental company's stock shed more than 43%, putting it on track to add to its massive 37.8% plunge from Wednesday. The stock is still up more than 71% for the month. International Business Machines — The technology giant's stock slid 9% after IBM failed to raise its full-year guidance after posting an earnings beat. IBM reported first-quarter earnings of $1.91 per share, excluding items, beating forecasts of $1.81, according to LSEG. The company's $15.92 billion in revenue also came in above the expected $15.62 billion. Tesla — Shares fell more than 3% after CEO Elon Musk warned of substantial increases in capital spending to fund the company's self-driving and humanoid robot ambitions. Shares had climbed as much as 4% just after the electric vehicle maker posted first-quarter adjusted earnings of 41 cents per share, beating the 37 cents analysts polled by LSEG had expected. However, Tesla's $22.39 billion in revenue came in below the $22.64 billion consensus estimate. CSX — The transportation stock popped 7% after the company posted first-quarter earnings of 43 cents per share, beating the expected 39 cents analysts surveyed by FactSet had penciled in. However, CSX's $3.48 billion revenue came in slightly below the forecast $3.49 billion. Southwest Airlines — Shares fell 2.5% after the airline carrier posted first-quarter adjusted earnings of 45 cents per share and revenue of $7.20 billion, falling short of the 47 cents and $7.27 billion in revenue analysts were expecting, per FactSet. ServiceNow — The AI-powered software company reported first-quarter earnings and revenue that topped Wall Street expectations. However, shares tumbled more than 18% as the integration of recently acquired Armis weighed on its outlook. For full-year 2026, the company's subscription revenue should grow more than 22% to a range of $15.74 billion to $15.78 billion, including the Armis cybersecurity business. Previously, the company expected subscription revenue of $15.55 billion. Molina Healthcare — Shares of the managed health-care company rose 10.3% after it reaffirmed its 2026 forecast. Molina earned $2.35 per share, excluding items, in the first quarter on revenue of $10.8 billion. Analysts surveyed by FactSet anticipated Molina would earn $1.90 per share on revenue of $10.87 billion. — CNBC's Lisa Kailai Han, Davis Giangiulio Christina Cheddar Berk contributed reporting."
https://www.cnbc.com/2026/04/22/stocks-making-the-biggest-moves-midday-agpu-asts-ual-gev.html,"Check out the companies making the biggest moves midday: Calix — The AI and cloud platform's stock tumbled 16% after the company warned of margin headwinds for the year, overshadowing better-than-expected results for the first quarter. TE Connectivity — Shares of the electrical components maker shed 12% after the company's third-quarter guidance underwhelmed investors. TE sees earnings per share, adjusted, of $2.83 and revenue of $5 billion. Both figures are about in line with FactSet consensus figures. Sonoco Products — The maker of steel and aerosol cans dropped more than 15% after the company said it was targeting the low end of its full-year earnings guidance. Q1 earnings and revenue were also below expectations. Axe Compute — Shares skyrocketed more than 90% after Axe Compute secured a $260 million contract to develop Nvidia graphics processing units. AST SpaceMobile — The stock jumped 5% after the company announced the Federal Communications Commission approved its plan to deliver direct-to-device cellular broadband. It will permit the company to operate up to 248 satellites in low Earth orbit. Healthcare Services Group — Shares of the houskeeping and dining services provider jumped 18% on better-than-expected first-quarter results. The company posted a profit of 37 cents per share on revenue of $462.8 million. Analysts polled by FactSet expected a profit of 22 cents per share on revenue of $460 million. Masco — The home improvement company's stock jumped 12% as improving demand, especially at its plumbing supplies business, led to a first-quarter beat. In the latest period, Masco earned $1.04 per share, excluding items, on sales of $1.92 billion, compared with the FactSet consensus estimate for a profit of 88 cents per share on revenue of $1.83 billion. United Airlines — Shares fell 6% after the airline posted disappointing guidance for its current quarter and full year as rising fuel prices pressure its outlook. United expects 2026 adjusted earnings of between $7 and $11 per share, down from prior guidance of between $12 and $14 per share. The company also expects adjusted earnings for its current quarter to come in the range of $1 to $2 per share, lower than FactSet's $2.08 estimate. GE Vernova — The energy technology company popped 12% after its first quarter revenue topped expectations. GE Vernova reported $9.34 billion in revenue compared to estimates of $9.25 billion, according to analysts polled by FactSet. The company also reported earnings of $17.44 per share, though StreetAccount noted it wasn't clear if that was comparable to estimates of $1.95. Boeing — Shares jumped 5% after the company reported better-than-expected losses in the first quarter. The company lost 20 cents per share and delivered $22.22 billion, compared to estimates of 80 cents in losses per share and $21.78 billion in revenue, according to LSEG. Capital One Financial — The stock shed 1% after the bank posted first-quarter earnings of $4.42 per share, excluding items, and revenue of $15.23 billion. This came below the estimated profit of $4.55 per share and revenue of $15.36 billion that analysts polled by LSEG were anticipating. Vertiv — Shares fell more than 4% despite the company reporting an earnings and revenue beat in its first-quarter report. Vertiv delivered $1.17 in earnings per share and revenue of $2.65 billion, compared to estimates for $1 in earnings per share and $2.64 billion in revenue, according to analysts polled by FactSet. Best Buy — The retailer jumped 2% after it announced Jason Bonfig will replace Corie Barry as CEO starting on Oct. 31. Bonfig is currently the company's chief customer, product and fulfillment officer. Adobe — Shares rose 3% after the tech company's board approved a $25 billion stock repurchase program through April 2030. The buyback plan comes as Adobe's stock is down more than 26% year to date. — CNBC's Davis Giangiulio and Christina Cheddar-Berk contributed reporting. Correction: This story has been revised to reflect that TE Connectivity issued underwhelming fiscal third-quarter guidance. A previous version misstated the period and the figures."
https://www.cnbc.com/2026/04/20/greg-abel-is-shaking-up-berkshire-hathaways-portfolio-these-stocks-could-be-affected.html,"Greg Abel is wasting little time putting his stamp on Berkshire Hathaway 's investment portfolio, reportedly moving to unwind positions tied to the departed lieutenant Todd Combs. The new chief executive has already sold stocks previously overseen by Combs after the longtime investment manager and Geico chief left for JPMorgan at the end of 2025, the Wall Street Journal reported. Combs had been one of two portfolio managers recruited by Warren Buffett to help oversee the conglomerate's equity holdings. The move underscores how Abel is asserting control over Berkshire's roughly $300 billion stock portfolio as he succeeded Buffett. Abel is unlikely to bring on a new investment manager to replace Combs, the WSJ said. Ted Weschler, the other investment manager, continues to oversee about 6% of the portfolio, Abel previously said in his first annual letter to shareholders. Berkshire does not disclose which manager is responsible for individual stock picks, making any attribution inherently speculative. Still, Combs had been widely associated with a tilt toward technology and financial names during his tenure, including stakes in VeriSign and Snowflake . Combs had also previously revealed Mastercard and Visa were the first stocks he bought after joining Berkshire, reflecting top holdings from his former hedge fund, Castle Point Capital. Berkshire's recent trading has added to the speculation. The conglomerate dumped nearly 80% of its stake in Amazon in the fourth quarter of 2025, a position some had speculated as a Combs-influenced purchase. Abel said in his annual letter that the firm will remain focused on a tight group of core holdings, including Apple , American Express , Coca-Cola and Moody's — companies he said are positioned to compound value over decades. Notably absent from that list was Bank of America , which had ranked as Berkshire's third-largest holding at the end of 2025, raising fresh questions about its long-term role in the portfolio."
https://www.cnbc.com/2026/04/21/stocks-making-the-biggest-moves-midday-unh-pbi-aapl-amzn.html,"Check out the companies making the biggest moves midday: Valmont Industries — Shares of the agricultural product and infrastructure company rallied 12% on better-than-expected results for the first quarter. The company cited strong demand in its North America utility business for the beat. It also hiked the lower end of its full-year earnings guidance. Pitney Bowes — Shares of the mailing equipment and services giant popped 8% after the company posted preliminary results for the first quarter. First-quarter revenue of $477 million was above a FactSet consensus of $465.9 million, while adjusted earnings per share of around 47 cents were also above estimates. OFG Bancorp — The Puerto Rico-based financial services company's stock jumped more than 5% after strong first-quarter results. OFG's total core revenue grew to $185.8 million in the first quarter from $178.3 million a year ago. With solid trends, the company said it was continuing to buy back shares and it boosted its dividend by 17% during the quarter. Robert Half — The staffing company's stock rose 4% after William Blair upgraded shares to to outperform from market perform, saying the valuation is ""too compelling to ignore."" UnitedHealth — Shares popped more 9% after UnitedHealth reported first-quarter earnings and revenue that beat analyst expectations. The company earned $7.23 per share, adjusted, on revenue of $111.72 billion. Analysts expected a profit of $6.57 per share on revenue of $109.57 billion. UnitedHealth also hiked its full-year earnings outlook. 3M — Shares fell 2% after the manufacturing giant posted lackluster guidance and mixed Q1 results. The company sees full-year 2026 earnings per share between $8.50 and $8.70. Analysts polled by FactSet expected guidance around $6.50 per share. Amazon — The online retailer's stock climbed 1.8% after Amazon agreed to invest up to $25 billion in Anthropic as part of an expanded agreement to build out AI infrastructure. This comes on top of the $8 billion Amazon has already invested in the artificial intelligence startup in recent years. Anthropic said in the Monday announcement that it's committed to spending more than $100 billion on Amazon Web Services technologies over the next 10 years. Apple — The tech stock fell less than 2% after Apple announced that Tim Cook will step down as CEO on Sept. 1. Cook will assume the role of executive chairman and will be replaced by John Ternus, an insider who served as senior vice president of hardware engineering. Alaska Air Group — Shares of the airline fell more than 1% after it pulled its 2026 forecast due to the uncertainty around fuel costs. In the first quarter, Alaska Air lost $1.68 per share, after adjustments, on revenue of $3.3 billion. Both numbers fell short of estimates. According to LSEG, analysts anticipated the airline would lose $1.35 per share on revenue of $3.31 billion. GE Aerospace — Shares fell nearly 6% after GE Aerospace lowered its flight departure outlook, overshadowing a beat on Q1 earnings and revenue. Zions Bancorp — Shares dipped 2.4% after the regional bank posted net interest income in its first quarter of $662 million, below the $674.5 million expected by analysts polled by StreetAccount. However, earnings of $1.56 per share beat the consensus forecast of $1.42 per share, according to LSEG. Steel Dynamics — The stock rose 3.7% after the steel producer posted mixed first-quarter results. Revenue of $5.2 billion outpaced the $5.1 billion analysts surveyed by LSEG were expecting. But earnings of $2.78 per share came in slightly below the expected $2.79 per share. D.R. Horton — Shares rose 7.2% after the homebuilder reported fiscal second-quarter earnings of $2.24 per share, beating the $2.15 earnings per share expected by analysts polled by LSEG. However, quarterly revenue of $7.56 billion came in below the forecasted $7.60 billion. Tractor Supply — Shares slid 9% after the rural lifestyle retailer posted earnings and revenue that disappointed expectations. First-quarter earnings of 31 cents per share came in below the 34 cents expected by analysts polled by FactSet. Revenue of $3.59 billion missed the $3.63 billion consensus estimate from FactSet. Quest Diagnostics — Shares of the laboratory testing services company popped 5.2% following its latest results. Quest Diagnostics posted first-quarter earnings of $2.50 per share, on an adjusted basis, exceeding the earnings of $2.37 per share expected by analysts polled by FactSet. Revenue of $2.90 billion also beat the $2.83 billion consensus estimate. — CNBC's Christina Cheddar Berk, Lisa Kailai Han and Davis Giangiulio contributed reporting. Correction: This story has been revised to reflect that UnitedHealth reported first-quarter revenue of $111.72 billion. A previous version misstated the revenue reported."
https://www.cnbc.com/2026/04/22/stocks-making-the-biggest-moves-premarket-gev-vrt-bby.html,"Check out the companies making the biggest moves premarket: United Airlines — Shares rose more than 1.5% even after the airline posted disappointing guidance for its current quarter and full year as rising fuel prices pressure its outlook. United expects 2026 adjusted earnings of between $7 and $11 per share, down from prior guidance of between $12 and $14 per share. The company also expects adjusted earnings for its current quarter to come in the range of $1 to $2 per share, lower than FactSet's $2.08 estimate. However, the company's first-quarter earnings and revenue both beat expectations. GE Vernova — The energy technology company popped 4% after its first quarter revenue topped expectations. GE Vernova reported $9.34 billion in revenue compared to estimates of $9.25 billion, according to analysts polled by FactSet. The company also reported earnings of $17.44 per share, though StreetAccount noted it wasn't clear if that was comparable to estimates of $1.95. Boeing — Shares jumped 3.5% after the company reported better-than-expected losses in the first quarter. The company lost 20 cents per share and delivered $22.22 billion, compared to estimates of 80 cents in losses per share and $21.78 billion in revenue, according to LSEG. Capital One Financial — The stock shed almost 3% after the bank posted first-quarter earnings of $4.42 per share, excluding items, and revenue of $15.23 billion. This came below the estimated profit of $4.55 per share and revenue of $15.36 billion that analysts polled by LSEG were anticipating. Vertiv — Shares fell more than 4% despite the company reporting an earnings and revenue beat in its first-quarter report. Vertiv delivered $1.17 in earnings per share and revenue of $2.65 billion, compared to estimates for $1 in earnings per share and $2.64 billion in revenue, according to analysts polled by FactSet. AT & T — Shares were up 0.5% after the company posted first-quarter results that beat analyst expectations. The telecom giant earned an adjusted 57 cents per share on revenue of $31.5 billion. Analysts polled by LSEG expected a profit of 55 cents per share on revenue of $31.25 billion. Best Buy — The retailer jumped 2% after it announced Jason Bonfig will replace Corie Barry as CEO starting on Oct. 31. Bonfig is currently the company's chief customer, product and fulfillment officer. Interactive Brokers Group — Shares rose 0.5% despite the brokerage company's first-quarter revenue of $1.68 billion falling short of the $1.71 billion analysts surveyed by LSEG had penciled in. The company's adjusted earnings of 60 cents per share were in line with expectations. Coinbase , Robinhood — The digital trading platforms rose after Bitcoin prices hit their highest levels since early February, crossing $78,000. Coinbase jumped nearly 4.5%, while Robinhood rose about 3.5%. W. R. Berkley — The insurance name shed 1% after it reported first-quarter operating earnings of $1.30 per share, higher than the FactSet consensus of $1.13 per share. However, gross and net premiums came under expectations. Adobe — Shares rose nearly 3% after the tech company's board approved a $25 billion stock repurchase program through April 2030. The buyback plan comes as Adobe's stock is down more than 29% year to date. Boston Scientific — The stock rose 0.5% after a first-quarter financial report that was broadly in line with expectations. Boston Scientific delivered earnings of 80 cents and $5.2 billion in revenue, compared to estimates of 79 cents in earnings per share and $5.17 billion in revenue, according to analysts polled by FactSet. However, the company's full-year guidance of $3.34 to $3.41 in earnings per share came below expectations of $3.45. Elevance Health — The insurer fell nearly 0.5% despite its better-than-expected earnings report and the company forecasting better-than-expected guidance. Elevance reported $12.58 in earnings per share and $49.49 billion in revenue, compared to estimates according to analysts polled by FactSet for $11.03 and $48.17 billion, respectively. — CNBC's Fred Imbert and Lisa Kailai Han contributed reporting"
https://www.cnbc.com/2026/04/23/stocks-making-the-biggest-moves-after-hours-intc-sap-byd-mxl.html,"Check out the companies making headlines after the bell : Intel — Shares soared 15% after the chipmaker posted first-quarter earnings that beat Wall Street's expectations. Intel posted adjusted earnings of 29 cents per share on revenue of $13.58 billion, while analysts polled by LSEG had expected it to earn 1 cent per share on $12.42 billion in revenue. Intel's second-quarter forecast also was well above analysts' expectations. Boyd Gaming — The gambling and hospitality stock slipped 7% after Boyd posted first-quarter adjusted earnings of $1.60 per share, below the $1.73 consensus from LSEG. Revenue of $997.4 million also fell short of the expected $1 billion. Performance was hurt by soft revenue at its Las Vegas business. Newmont — The gold miner's stock wavered around the flatline following the company's warning taht second-quarter results could be hurt by higher oil prices and a full quarter of increased Ghana royalties. The company posted first-quarter adjusted earnings of $2.90 per share, beating estimates that called for $2.18 per share, according to LSEG. Revenue of $7.31 billion also came in above the expected $6.52 billion. SAP — The software stock popped 5% after the company earned $1.72 per share, excluding items, in its latest quarter, beating the expected $1.69, per LSEG. SAP cloud revenue rose 19%. The company's said its 2026 financial outlook is based on the assumption that the Middle East conflict will de-escalate. SLM — Shares added 2% after the student loan provider earned $1.54 per share, up from $1.40 per share a year ago. Sallie Mae also raised its full-year earnings guidance to between $3.10 and $3.20 per share, from a prior forecast of between $2.70 and $2.80 per share, which was above FactSet's $2.78 estimate. Ameriprise Financial — The broker and financial services provider stock was flat after the company posted first-quarter adjusted earnings of $11.26 per share, beating the estimated $10.21, according to FactSet. The company's $4.81 billion revenue also topped the estimated $4.72 billion. Ameriprise also increased its quarterly dividend by 6.3% to $1.70 per share from $1.60. Hartford Insurance Group — Shares slipped 3% after the insurer reported first-quarter adjusted earnings of $3.09 per share. That was below the consensus estimate of $3.39 per share, per FactSet. Hartford's revenue of $7.23 billion also came in below the $7.35 billion estimate. MaxLinear — The chipmaker's stock soared 27% after the company's first-quarter results outpaced expectations and it raised its forecast. MaxLinear earned 22 cents per share, after adjustments, on revenue of $137.2 million. According to FactSet, analysts were expecting the company to earn 18 cents a share on revenue of $134.6 million. Comfort Systems USA — The HVAC systems provider's stock rose 6% after reporting better-than-expected first-quarter results and raising its dividend. The company earned $10.51 per share on $2.87 billion in revenue. According to FactSet, analysts expected it to earn $6.81 per share on revenue of $2.39 billion. Nike — Shares rose about 1% after the athletic apparel company said it would cut 1,400 jobs in its second round of layoffs this year. — CNBC's Christina Cheddar Berk contributed reporting."
https://www.cnbc.com/2026/04/23/stocks-making-the-biggest-moves-premarket-hon-nok-nflx-ibm-tsla.html,"Check out the companies making the biggest moves before the bell: Netflix — The streaming giant gained more than 1% after a regulatory filing showed the company authorized an additional $25 billion share buyback. Helix Energy Solutions — Shares of the offshore energy company rose more than 3% after Helix agreed to merge with privately held Hornbeck Offshore Services in an all-stock deal. The deal is expected to close in the second half of 2026. The newly formed entity will operate as Hornbeck Offshore Services and will trade under the ticker HOS. Honeywell — The industrial giant shed 5.6% after it reported mixed first-quarter results and issued lackluster second-quarter guidance. In Q1, adjusted earnings of $2.45 per share beat an LSEG estimate of $2.32 per share, though revenue of $9.1 billion was below consensus. For Q2, the company sees EPS between $2.35 and $2.45, below a FactSet forecast of $2.56. Lululemon — The athleisure company fell more than 4% after it announced Heidi O'Neill as the new CEO. O'Neill will take over on Sept. 8. She previously has worked at Nike, Levi Strauss, Hyatt Hotels and Spotify. Nokia — Shares popped 11% after the company posted a slight beat on earnings and missed on revenue in its first quarter report. Its operating profit came in above expectations, and the telecommunications company added its tracking toward the higher end of its full year-guidance forecast. Mobileye Global — The autonomous driving tech company rallied 11% after it reported better-than-expected Q1 results. Mobileye earned an adjusted 12 cents per share on revenue of $558 million. Analysts polled by FactSet expected a profit of 8 cents per share on revenue of $519.9 million. Full-year revenue guidance was also better than expected. Avis Car Budget — The car rental company shed more than 5%, putting it on track to add to its massive 37.8% plunge from Wednesday. To be sure, the stock is still up more than 200% for the month. International Business Machines — The technology giant slipped 7% after IBM failed to raise its full-year guidance after posting an earnings beat. IBM reported first-quarter earnings of $1.91 per share, excluding items, beating forecasts of $1.81, according to LSEG. The company's $15.92 billion in revenue also came in above the expected $15.62 billion. Tesla — Shares fell more than 2% after CEO Elon Musk warned of substantial increases in capital spending to fund its self-driving and humanoid robot ambitions. Shares had climbed as much as 4% just after the electric vehicle maker posted first-quarter adjusted earnings of 41 cents per share, beating the 37 cents analysts polled by LSEG had expected. However, Tesla's $22.39 billion in revenue came in below the $22.64 billion consensus estimate. CSX — The transportation stock popped 4% after posting first-quarter earnings of 43 cents per share, beating the expected 39 cents analysts surveyed by FactSet had penciled in. However, CSX's $3.48 billion revenue came in slightly below the forecast $3.49 billion. Texas Instruments — The semiconductor stock soared 11% after it forecast that its current-quarter earnings would come in the range of $1.77 to $2.05 per share, versus the $1.57 consensus, according to LSEG. Similarly, it sees its revenue coming in between $5 billion to $5.4 billion, while analysts were anticipating $4.86 billion. Texas Instruments also posted a beat on both the top and bottom lines for its first quarter. Southwest Airlines — Shares fell 2.5% after the airline carrier posted first-quarter adjusted earnings of 45 cents per share and revenue of $7.20 billion, falling short of the 47 cents and $7.27 billion in revenue analysts were expecting, per FactSet. ServiceNow — The AI-powered software company reported first-quarter earnings and revenue that topped Wall Street expectations. However, shares tumbled more than 13% as the integration of recently acquired Armis weighed on its outlook. For the full year 2026, the company's subscription revenue should grow more than 22% to a range of $15.74 billion to $15.78 billion, including the Armis cybersecurity business. Previously, the company expected subscription revenue of $15.55 billion. Molina Healthcare — Shares of the managed healthcare company rose 2.9% after it reaffirmed its 2026 forecast. Molina earned $2.35 per share, excluding items, in the first quarter on revenue of $10.8 billion. Analysts surveyed by FactSet anticipated Molina would earn $1.90 per share on revenue of $10.87 billion. United Rentals — Shares jumped more than 13% after the equipment rental company boosted its full-year sales forecast to a range of $16.9 billion to $17.4 billion. The company said it sees momentum heading into its busiest season. Knight-Swift Transportation — The transport stock shed 4% after reporting first-quarter revenue of $1.85 billion, coming in below the $1.86 billion analysts were expecting, per FactSet. Operating income for the firm's last quarter came in at $49.8 million, while consensus estimates had called for $87 million. — CNBC's Lisa Kailai Han, Davis Giangiulio Christina Cheddar Berk contributed reporting."
