title,url,display_url,snippet
"Stock Markets, Business News, Financials, Earnings - CNBC",https://duckduckgo.com/l/?uddg=https%3A%2F%2Fwww.cnbc.com%2F&rut=e80349741de2f92c0c73b7705cc8ccffde19ddb36e71a75378ef1cabecf48e04,www.cnbc.com,"CNBC is the world leader in businessnewsand real-timefinancialmarket coverage. Find fast, actionable information."
Latest Finance News | Today's Top Headlines | Reuters,https://duckduckgo.com/l/?uddg=https%3A%2F%2Fwww.reuters.com%2Fbusiness%2Ffinance%2F&rut=0e956e5dd9b108e81fd3a47611a7efba65fa7e72b863424bf8a75a62ab676882,www.reuters.com/business/finance/,"Find latest financenewsfrom every corner of the globe at Reuters.com, your online source for breaking internationalnewscoverage."
"Yahoo Finance - Stock Market Live, Quotes, Business & Finance News",https://duckduckgo.com/l/?uddg=https%3A%2F%2Ffinance.yahoo.com%2F&rut=06fc21f2ea89305965d08de6c695ef2382ff6dc5ff74eef02d0fd87f96c46639,finance.yahoo.com,"At Yahoo Finance, you get free stock quotes, up-to-datenews, portfolio management resources, international market data, social interaction and mortgage rates that help you manage yourfinanciallife."
MarketWatch: Stock Market News - Financial News,https://duckduckgo.com/l/?uddg=https%3A%2F%2Fwww.marketwatch.com%2F&rut=1b7adc51b4a44654f4f354db0b064a62ae705768d036f559fadbd2e229b91864,www.marketwatch.com,"MarketWatch provides the latest stock market,financialand businessnews. Get stock market quotes, personal finance advice, companynewsand more."
Google News - Finance - Latest,https://duckduckgo.com/l/?uddg=https%3A%2F%2Fnews.google.com%2Ftopics%2FCAAqIQgKIhtDQkFTRGdvSUwyMHZNREpmTjNRU0FtVnVLQUFQAQ&rut=9e8c022496776461a7f5dff0d574031cfdc025eb41bc48daa933e16b7dcdfbb4,news.google.com/topics/CAAqIQgKIhtDQkFTRGdvSUwyMHZNREpmTjNRU0FtVnVLQUFQAQ,"Stay updated with the latestfinancialnews, articles, and videos on GoogleNews'Finance topic."
"Bloomberg - Business News, Stock Markets, Finance, Breaking & World News",https://duckduckgo.com/l/?uddg=https%3A%2F%2Fwww.bloomberg.com%2F&rut=63a3ead2a472419eed719e20082816b96a5cb69a2e467705c7fea576d403320f,www.bloomberg.com,"Bloomberg delivers business and marketsnews, data, analysis, and video to the world, featuring stories from Businessweek and BloombergNews"
Business and Financial News : NPR,https://duckduckgo.com/l/?uddg=https%3A%2F%2Fwww.npr.org%2Fsections%2Fbusiness%2F&rut=b26cb5c55b110e7d22b64e77972cb99cbab155bcf3e241e036d82ad547ac1dc3,www.npr.org/sections/business/,"Find the latest businessnewswith reports on Wall Street, interest rates, banking, companies, and U.S. and worldfinancialmarkets. Subscribe to the Business Story of the Day podcast."
Finance & Business | AP News,https://duckduckgo.com/l/?uddg=https%3A%2F%2Fapnews.com%2Fhub%2Ffinance&rut=69517e9a68ee29db23ef0ba41966480fff69321c4a541a61f5cf474b950a2aad,apnews.com/hub/finance,Stay up to date on the latest Finance &amp; Businessnewscoverage from APNews.
Business News - CNBC,https://duckduckgo.com/l/?uddg=https%3A%2F%2Fwww.cnbc.com%2Fbusiness%2F&rut=3b5c558a94ecaa1de8645fba6d4d0e38fb32377cd68ef58a10f2e924620c60f8,www.cnbc.com/business/,Latest headlines for businessnewsaround the world.
"The Wall Street Journal - Breaking News, Business, Financial & Economic ...",https://duckduckgo.com/l/?uddg=https%3A%2F%2Fwww.wsj.com%2F&rut=99f3e2d0557ec884972ff7fac2b582276d548cc5a42d48d15455414f44e2a21b,www.wsj.com,"Breakingnewsand analysis from the U.S. and around the world at WSJ.com. Politics, Economics, Markets, Life & Arts, and in-depth reporting."
